time_s,value
0.000000,3.975026
0.100000,5.403701
0.200000,5.939170
0.300000,5.547170
0.400000,5.471936
0.500000,5.255193
0.600000,5.637482
0.700000,5.764764
0.800000,6.465688
0.900000,6.055052
1.000000,7.112218
1.100000,6.185411
1.200000,5.588464
1.300000,4.340178
1.400000,3.396312
1.500000,3.161598
1.600000,3.256581
1.700000,3.301272
1.800000,3.780911
1.900000,4.323712
2.000000,3.785513
2.100000,3.146440
2.200000,3.063126
2.300000,2.135114
2.400000,1.427067
2.500000,1.789305
2.600000,2.193747
2.700000,2.315681
2.800000,2.345825
2.900000,2.543626
3.000000,2.179281
3.100000,1.057050
3.200000,0.261309
3.300000,0.370734
3.400000,0.782453
3.500000,1.260079
3.600000,2.533020
3.700000,3.647123
3.800000,3.961204
3.900000,4.135270
4.000000,4.627036
4.100000,4.756661
4.200000,5.405127
4.300000,5.407460
4.400000,6.545025
4.500000,7.433683
4.600000,7.806724
4.700000,8.496652
4.800000,8.205279
4.900000,7.031795
5.000000,6.783732
5.100000,5.931641
5.200000,5.567679
5.300000,5.558964
5.400000,5.965504
5.500000,5.441390
5.600000,5.900185
5.700000,5.427097
5.800000,4.023512
5.900000,3.987374
6.000000,3.410526
6.100000,3.732126
6.200000,3.740402
6.300000,4.387288
6.400000,4.870413
6.500000,4.495619
6.600000,4.468562
6.700000,3.448505
6.800000,2.746220
6.900000,1.784895
7.000000,2.034334
7.100000,2.101815
7.200000,2.366307
7.300000,3.143626
7.400000,3.676885
7.500000,3.904659
7.600000,2.779248
7.700000,3.443792
7.800000,3.542996
7.900000,4.051048
8.000000,4.875918
8.100000,6.865364
8.200000,7.318802
8.300000,8.689788
8.400000,9.204877
8.500000,8.158083
8.600000,8.120343
8.700000,7.419244
8.800000,7.722024
8.900000,8.221539
9.000000,8.643565
9.100000,7.685454
9.200000,7.917584
9.300000,7.765035
9.400000,7.172158
9.500000,5.890857
9.600000,4.820414
9.700000,4.840144
9.800000,4.918542
9.900000,5.345986
10.000000,5.700443
10.100000,6.296807
10.200000,6.115695
10.300000,5.446409
10.400000,4.663538
10.500000,3.678230
10.600000,3.552037
10.700000,4.065419
10.800000,3.913869
10.900000,3.835716
11.000000,4.752889
11.100000,4.257102
11.200000,4.190777
11.300000,2.973769
11.400000,2.444815
11.500000,2.247789
11.600000,3.724245
11.700000,5.164945
11.800000,5.364621
11.900000,6.479238
12.000000,7.551895
12.100000,7.429733
12.200000,7.655014
12.300000,7.680314
12.400000,8.094660
12.500000,8.893594
12.600000,9.270253
12.700000,10.167063
12.800000,10.056255
12.900000,10.068802
13.000000,8.632381
13.100000,7.859924
13.200000,7.578028
13.300000,6.510171
13.400000,6.650612
13.500000,6.812323
13.600000,7.383525
13.700000,7.456695
13.800000,7.430743
13.900000,6.652264
14.000000,5.823652
14.100000,5.196411
14.200000,4.923551
14.300000,4.765132
14.400000,5.279526
14.500000,5.833545
14.600000,6.154005
14.700000,5.793629
14.800000,4.708356
14.900000,4.393696
15.000000,3.644010
15.100000,3.386672
15.200000,3.213960
15.300000,3.300963
15.400000,4.011178
15.500000,5.574539
15.600000,5.726488
15.700000,6.288080
15.800000,6.431867
15.900000,5.643012
16.000000,6.372258
16.100000,7.152624
16.200000,8.265832
16.300000,9.433476
16.400000,10.286161
16.500000,10.761399
16.600000,10.181859
16.700000,10.057158
16.800000,9.166936
16.900000,8.816275
17.000000,8.326245
17.100000,8.663176
17.200000,8.904939
17.300000,8.858487
17.400000,8.678283
17.500000,8.065142
17.600000,7.099946
17.700000,6.369489
17.800000,5.713649
17.900000,5.853996
18.000000,6.039976
18.100000,6.739017
18.200000,6.631702
18.300000,7.431364
18.400000,6.615463
18.500000,5.919251
18.600000,5.224530
18.700000,4.396382
18.800000,4.287261
18.900000,4.065338
19.000000,4.228293
19.100000,4.641582
19.200000,5.440903
19.300000,4.914911
19.400000,4.185697
19.500000,4.181542
19.600000,3.641225
19.700000,5.056657
19.800000,4.977969
19.900000,6.824709
20.000000,8.119962
20.100000,8.524503
20.200000,9.596961
20.300000,9.905710
20.400000,9.578846
20.500000,9.339689
20.600000,9.569780
20.700000,9.618635
20.800000,10.101410
20.900000,10.299960
21.000000,10.530172
21.100000,9.599745
21.200000,9.258933
21.300000,7.835638
21.400000,6.757749
21.500000,6.675762
21.600000,7.029054
21.700000,7.130692
21.800000,7.120230
21.900000,7.743422
22.000000,7.293984
22.100000,6.914619
22.200000,6.289807
22.300000,4.926494
22.400000,5.312900
22.500000,4.943572
22.600000,5.310244
22.700000,5.383085
22.800000,5.456500
22.900000,5.333525
23.000000,5.207446
23.100000,4.642081
23.200000,3.457551
23.300000,3.528774
23.400000,3.399199
23.500000,3.652544
23.600000,5.255429
23.700000,6.273408
23.800000,6.664618
23.900000,7.204206
24.000000,7.392869
24.100000,7.085729
24.200000,7.258628
24.300000,8.316345
24.400000,9.233623
24.500000,10.096166
24.600000,11.103192
24.700000,11.419603
24.800000,10.328126
24.900000,9.832121
25.000000,8.982045
25.100000,8.193311
25.200000,7.950456
25.300000,7.540736
25.400000,8.081990
25.500000,8.591638
25.600000,8.062357
25.700000,7.127371
25.800000,6.764921
25.900000,6.252348
26.000000,5.548194
26.100000,5.241860
26.200000,6.209513
26.300000,5.853448
26.400000,6.715250
26.500000,6.511253
26.600000,5.649336
26.700000,5.525027
26.800000,4.342691
26.900000,3.191814
27.000000,3.449865
27.100000,3.312025
27.200000,3.330419
27.300000,4.189117
27.400000,4.779898
27.500000,4.919936
27.600000,4.622878
27.700000,4.474182
27.800000,4.786072
27.900000,5.217263
28.000000,6.692035
28.100000,7.653446
28.200000,8.865697
28.300000,9.721632
28.400000,9.496284
28.500000,9.383707
28.600000,9.587483
28.700000,8.789681
28.800000,8.400319
28.900000,8.665139
29.000000,8.646603
29.100000,9.016132
29.200000,8.563022
29.300000,8.268495
29.400000,6.815721
29.500000,6.713389
29.600000,5.398893
29.700000,4.744027
29.800000,5.282616
29.900000,5.680874
30.000000,6.310368
30.100000,6.139699
30.200000,6.403980
30.300000,6.781533
30.400000,4.525340
30.500000,4.302642
30.600000,3.701015
30.700000,3.816320
30.800000,3.441257
30.900000,3.894795
31.000000,4.421638
31.100000,3.976395
31.200000,3.897541
31.300000,2.550925
31.400000,2.401669
31.500000,3.280862
31.600000,2.781038
31.700000,3.765342
31.800000,5.201571
31.900000,6.220034
32.000000,7.145183
32.100000,7.195485
32.200000,6.945849
32.300000,7.244325
32.400000,8.183264
32.500000,8.260309
32.600000,7.701664
32.700000,9.080563
32.800000,9.110613
32.900000,9.307245
33.000000,8.331207
33.100000,7.943339
33.200000,6.646584
33.300000,5.941689
33.400000,5.479412
33.500000,5.543844
33.600000,5.954780
33.700000,6.427243
33.800000,6.071188
33.900000,5.325424
34.000000,5.120505
34.100000,4.138271
34.200000,3.671434
34.300000,3.451493
34.400000,3.818938
34.500000,4.175714
34.600000,3.706347
34.700000,4.626289
34.800000,3.841840
34.900000,2.698124
35.000000,2.197907
35.100000,1.461211
35.200000,1.381433
35.300000,0.941942
35.400000,2.309826
35.500000,3.243622
35.600000,4.056301
35.700000,4.326037
35.800000,4.217600
35.900000,3.498397
36.000000,3.517562
36.100000,5.068363
36.200000,5.950265
36.300000,7.365808
36.400000,7.956146
36.500000,8.505809
36.600000,7.875822
36.700000,7.897008
36.800000,6.876328
36.900000,6.464906
37.000000,6.148816
37.100000,5.950101
37.200000,6.225209
37.300000,6.196197
37.400000,6.209186
37.500000,5.549516
37.600000,4.395748
37.700000,3.532140
37.800000,3.639333
37.900000,2.925344
38.000000,3.516020
38.100000,3.830053
38.200000,3.973305
38.300000,4.017579
38.400000,3.922715
38.500000,3.224271
38.600000,2.441314
38.700000,1.124235
38.800000,0.926285
38.900000,1.079919
39.000000,1.866355
39.100000,0.990646
39.200000,1.948983
39.300000,1.476310
39.400000,1.368993
39.500000,0.702180
39.600000,0.855429
39.700000,1.594735
39.800000,2.114823
39.900000,3.352243
40.000000,4.577958
40.100000,5.211921
40.200000,6.115778
40.300000,5.958736
40.400000,5.578631
40.500000,5.602488
40.600000,5.538835
40.700000,6.087892
40.800000,6.248837
40.900000,6.410284
41.000000,6.978714
41.100000,6.350336
41.200000,5.544566
41.300000,4.282575
41.400000,3.136105
41.500000,2.495775
41.600000,2.464152
41.700000,3.124980
41.800000,3.278904
41.900000,3.031713
42.000000,3.333467
42.100000,2.414555
42.200000,2.173119
42.300000,1.094010
42.400000,0.683053
42.500000,1.068407
42.600000,1.250178
42.700000,1.055095
42.800000,1.838441
42.900000,1.942468
43.000000,0.167164
43.100000,0.315055
43.200000,-1.139123
43.300000,-1.369368
43.400000,-1.021879
43.500000,-0.678028
43.600000,1.105890
43.700000,1.769753
43.800000,2.026790
43.900000,2.466488
44.000000,2.179575
44.100000,2.631374
44.200000,3.351324
44.300000,3.215011
44.400000,4.491305
44.500000,5.549864
44.600000,6.404243
44.700000,6.568639
44.800000,5.557287
44.900000,4.621405
45.000000,4.035900
45.100000,3.051647
45.200000,2.704981
45.300000,3.124136
45.400000,3.490611
45.500000,3.169041
45.600000,2.850206
45.700000,2.553235
45.800000,1.067055
45.900000,0.901327
46.000000,0.135241
46.100000,1.126657
46.200000,0.944914
46.300000,1.236656
46.400000,1.455667
46.500000,0.695547
46.600000,1.139668
46.700000,0.551146
46.800000,-1.092137
46.900000,-1.379609
47.000000,-1.654751
47.100000,-2.177878
47.200000,-0.986758
47.300000,-0.380011
47.400000,-0.426060
47.500000,-0.498073
47.600000,-0.411358
47.700000,-1.234863
47.800000,-0.572227
47.900000,0.339853
48.000000,0.697792
48.100000,2.627078
48.200000,3.361685
48.300000,3.634257
48.400000,4.470605
48.500000,3.983885
48.600000,3.894052
48.700000,2.997500
48.800000,3.451233
48.900000,2.983388
49.000000,3.531941
49.100000,3.380219
49.200000,3.283974
49.300000,3.153798
49.400000,1.957020
49.500000,0.792139
49.600000,-0.232698
49.700000,0.150105
49.800000,0.147386
49.900000,0.266347
50.000000,0.904448
50.100000,0.736186
50.200000,0.537361
50.300000,-0.000722
50.400000,-0.436452
50.500000,-1.165122
50.600000,-1.888036
50.700000,-1.481968
50.800000,-1.244481
50.900000,-1.175260
51.000000,-0.874203
51.100000,-1.569667
51.200000,-2.099924
51.300000,-2.570063
51.400000,-3.136164
51.500000,-2.830849
51.600000,-2.841402
51.700000,-1.012138
51.800000,-0.498372
51.900000,0.708464
52.000000,1.004022
52.100000,1.863225
52.200000,2.083076
52.300000,2.032079
52.400000,2.173690
52.500000,1.946063
52.600000,2.838842
52.700000,3.524635
52.800000,3.636325
52.900000,4.004659
53.000000,2.989805
53.100000,1.911759
53.200000,1.073655
53.300000,-0.045819
53.400000,-0.278740
53.500000,-0.132646
53.600000,0.583716
53.700000,0.728994
53.800000,0.678614
53.900000,0.355360
54.000000,-1.061056
54.100000,-1.471975
54.200000,-1.637800
54.300000,-2.084505
54.400000,-1.531407
54.500000,-0.681152
54.600000,-0.468136
54.700000,-0.689525
54.800000,-1.639457
54.900000,-2.615629
55.000000,-3.096357
55.100000,-4.075886
55.200000,-3.911753
55.300000,-3.190212
55.400000,-2.991386
55.500000,-2.348427
55.600000,-1.666725
55.700000,-1.271631
55.800000,-1.278010
55.900000,-1.306135
56.000000,-0.842878
56.100000,-0.755925
56.200000,0.524626
56.300000,1.980422
56.400000,2.584005
56.500000,2.920643
56.600000,2.861597
56.700000,2.400432
56.800000,1.884973
56.900000,0.997569
57.000000,1.041927
57.100000,1.470901
57.200000,1.079236
57.300000,1.592918
57.400000,1.095342
57.500000,0.107872
57.600000,-0.454462
57.700000,-1.505490
57.800000,-1.554576
57.900000,-2.272714
58.000000,-1.248521
58.100000,-0.959162
58.200000,-1.289420
58.300000,-0.328027
58.400000,-0.433081
58.500000,-1.855337
58.600000,-2.192394
58.700000,-3.759424
58.800000,-3.522868
58.900000,-4.071957
59.000000,-3.129519
59.100000,-3.476238
59.200000,-3.589080
59.300000,-2.836974
59.400000,-2.645574
59.500000,-3.877584
59.600000,-3.530420
59.700000,-3.343596
59.800000,-2.567005
59.900000,-1.047788
60.000000,0.528340
60.100000,0.660391
60.200000,1.740602
60.300000,1.768237
60.400000,1.063441
60.500000,1.792454
60.600000,1.911452
60.700000,1.321516
60.800000,2.554678
60.900000,2.383939
61.000000,2.317526
61.100000,2.356267
61.200000,1.110362
61.300000,0.103019
61.400000,-0.442353
61.500000,-1.030931
61.600000,-1.195001
61.700000,-1.562165
61.800000,-1.180602
61.900000,-0.111131
62.000000,-0.829461
62.100000,-0.983583
62.200000,-2.037033
62.300000,-2.408559
62.400000,-3.100205
62.500000,-2.226952
62.600000,-2.750663
62.700000,-2.171189
62.800000,-2.100073
62.900000,-1.971384
63.000000,-3.410104
63.100000,-3.805368
63.200000,-4.528574
63.300000,-4.563531
63.400000,-4.296128
63.500000,-3.821044
63.600000,-2.617206
63.700000,-1.863243
63.800000,-0.947512
63.900000,-0.788520
64.000000,-0.836541
64.100000,-0.513729
64.200000,-0.028193
64.300000,1.235131
64.400000,1.334313
64.500000,2.491245
64.600000,3.456196
64.700000,2.502170
64.800000,2.167772
64.900000,1.517731
65.000000,0.932119
65.100000,0.993173
65.200000,0.051065
65.300000,0.333445
65.400000,0.123453
65.500000,-0.407866
65.600000,-0.508501
65.700000,0.001067
65.800000,-0.961550
65.900000,-2.096857
66.000000,-1.789141
66.100000,-2.593106
66.200000,-1.435474
66.300000,-0.838163
66.400000,-1.146350
66.500000,-1.276212
66.600000,-1.177481
66.700000,-2.585518
66.800000,-2.896722
66.900000,-4.187398
67.000000,-3.835708
67.100000,-3.853894
67.200000,-3.527951
67.300000,-3.147690
67.400000,-2.477654
67.500000,-3.062905
67.600000,-2.708077
67.700000,-2.830463
67.800000,-2.297013
67.900000,-2.214126
68.000000,-0.238091
68.100000,0.452176
68.200000,1.401136
68.300000,2.968951
68.400000,3.335116
68.500000,2.592411
68.600000,1.943714
68.700000,1.806283
68.800000,1.421003
68.900000,1.643140
69.000000,2.464096
69.100000,2.287418
69.200000,2.075880
69.300000,1.591547
69.400000,0.606615
69.500000,-0.065072
69.600000,-0.781376
69.700000,-1.456372
69.800000,-1.148101
69.900000,0.021690
70.000000,-0.068237
70.100000,0.003721
70.200000,0.511784
70.300000,-0.654276
70.400000,-1.735161
70.500000,-1.874194
70.600000,-2.716239
70.700000,-2.593424
70.800000,-2.082016
70.900000,-1.924215
71.000000,-2.032810
71.100000,-2.225745
71.200000,-2.779953
71.300000,-2.856880
71.400000,-3.795930
71.500000,-3.653202
71.600000,-2.225428
71.700000,-1.936124
71.800000,-0.106067
71.900000,0.904932
72.000000,1.165054
72.100000,1.092203
72.200000,1.712963
72.300000,1.829988
72.400000,2.172728
72.500000,2.434774
72.600000,3.476151
72.700000,4.163091
72.800000,3.724293
72.900000,4.261835
73.000000,3.193228
73.100000,1.997040
73.200000,1.120708
73.300000,1.133065
73.400000,0.660307
73.500000,0.007597
73.600000,0.913147
73.700000,1.079375
73.800000,0.988432
73.900000,0.454898
74.000000,-0.472712
74.100000,-0.386280
74.200000,-1.263943
74.300000,-1.049937
74.400000,-0.770623
74.500000,-0.381016
74.600000,0.287533
74.700000,0.006835
74.800000,-0.909673
74.900000,-1.849900
75.000000,-2.534868
75.100000,-2.607285
75.200000,-2.868278
75.300000,-2.370294
75.400000,-1.791646
75.500000,-1.014435
75.600000,-0.330556
75.700000,-0.695645
75.800000,0.409469
75.900000,-0.200621
76.000000,0.248168
76.100000,1.593791
76.200000,2.357159
76.300000,3.491755
76.400000,4.274846
76.500000,4.481506
76.600000,4.945519
76.700000,4.739838
76.800000,3.413186
76.900000,3.496840
77.000000,2.455960
77.100000,2.603361
77.200000,3.175600
77.300000,3.149508
77.400000,3.193619
77.500000,2.237286
77.600000,1.367254
77.700000,0.321481
77.800000,-0.015433
77.900000,-0.081004
78.000000,0.133085
78.100000,1.204116
78.200000,1.399904
78.300000,1.159449
78.400000,2.202664
78.500000,0.525175
78.600000,-0.433743
78.700000,-0.380162
78.800000,-0.744284
78.900000,-1.377694
79.000000,-1.138678
79.100000,-0.625760
79.200000,0.189944
79.300000,-0.362804
79.400000,-0.852270
79.500000,-0.949364
79.600000,-0.624588
79.700000,-0.964616
79.800000,0.279239
79.900000,1.251998
80.000000,3.621655
80.100000,4.545594
80.200000,4.860561
80.300000,4.662895
80.400000,4.760968
80.500000,3.784015
80.600000,4.550067
80.700000,4.380729
80.800000,4.843665
80.900000,5.396840
81.000000,5.535788
81.100000,5.384856
81.200000,4.592509
81.300000,3.457667
81.400000,2.224277
81.500000,2.222874
81.600000,1.970290
81.700000,2.713437
81.800000,2.548993
81.900000,2.286524
82.000000,2.901253
82.100000,3.244003
82.200000,2.083473
82.300000,1.276462
82.400000,1.267126
82.500000,1.183788
82.600000,1.472244
82.700000,1.519954
82.800000,1.817408
82.900000,1.594658
83.000000,0.719704
83.100000,-0.205445
83.200000,-0.469878
83.300000,-0.449302
83.400000,-0.232641
83.500000,0.505173
83.600000,1.528882
83.700000,3.118556
83.800000,3.111533
83.900000,3.703452
84.000000,4.122682
84.100000,3.712478
84.200000,4.170412
84.300000,5.123081
84.400000,6.268360
84.500000,6.799191
84.600000,7.457591
84.700000,7.509417
84.800000,6.710443
84.900000,6.615715
85.000000,5.321123
85.100000,4.200180
85.200000,4.368931
85.300000,3.955066
85.400000,4.414190
85.500000,4.886232
85.600000,4.482033
85.700000,4.612203
85.800000,3.160218
85.900000,3.011982
86.000000,2.705309
86.100000,2.990740
86.200000,3.206449
86.300000,3.523019
86.400000,3.854673
86.500000,3.806668
86.600000,3.699127
86.700000,2.354330
86.800000,1.829050
86.900000,0.990591
87.000000,0.860908
87.100000,0.924838
87.200000,2.146664
87.300000,1.846446
87.400000,2.467669
87.500000,2.546133
87.600000,2.533097
87.700000,2.416680
87.800000,2.636934
87.900000,3.483303
88.000000,3.839434
88.100000,5.607723
88.200000,6.447365
88.300000,7.713229
88.400000,7.586930
88.500000,7.481134
88.600000,7.327870
88.700000,7.369709
88.800000,6.964696
88.900000,7.002814
89.000000,7.608079
89.100000,7.089942
89.200000,6.621136
89.300000,6.589626
89.400000,5.781862
89.500000,5.306095
89.600000,4.861447
89.700000,3.531809
89.800000,4.850831
89.900000,5.064933
90.000000,5.365293
90.100000,5.488464
90.200000,5.953102
90.300000,4.704980
90.400000,3.799056
90.500000,3.321214
90.600000,2.507599
90.700000,3.070326
90.800000,3.168121
90.900000,3.601660
91.000000,3.700352
91.100000,3.025023
91.200000,3.202842
91.300000,1.905208
91.400000,2.109375
91.500000,1.468881
91.600000,2.708504
91.700000,3.423238
91.800000,4.904100
91.900000,5.763626
92.000000,6.009064
92.100000,6.640805
92.200000,7.058572
92.300000,7.279693
92.400000,6.909028
92.500000,7.245822
92.600000,8.325736
92.700000,9.157305
92.800000,9.327212
92.900000,9.068169
93.000000,8.875321
93.100000,7.936688
93.200000,6.919554
93.300000,5.769389
93.400000,5.868912
93.500000,5.966786
93.600000,5.939768
93.700000,6.864984
93.800000,6.545104
93.900000,5.939370
94.000000,5.863519
94.100000,5.056218
94.200000,4.744067
94.300000,4.887531
94.400000,5.088717
94.500000,4.917527
94.600000,5.403887
94.700000,5.644516
94.800000,4.509337
94.900000,3.887318
95.000000,3.162891
95.100000,2.967322
95.200000,2.910167
95.300000,3.249909
95.400000,3.665182
95.500000,4.745096
95.600000,5.163699
95.700000,5.202408
95.800000,5.719206
95.900000,5.562252
96.000000,5.561921
96.100000,6.933723
96.200000,7.566741
96.300000,9.001014
96.400000,9.326935
96.500000,10.268752
96.600000,9.920883
96.700000,9.393838
96.800000,8.403692
96.900000,9.013905
97.000000,8.020810
97.100000,8.155234
97.200000,8.604668
97.300000,8.349307
97.400000,8.364398
97.500000,7.263416
97.600000,6.934070
97.700000,5.942546
97.800000,5.667428
97.900000,5.453868
98.000000,5.289097
98.100000,5.685211
98.200000,6.409061
98.300000,7.076567
98.400000,6.669326
98.500000,5.965168
98.600000,4.389803
98.700000,3.477576
98.800000,3.738935
98.900000,3.871088
99.000000,4.108602
99.100000,4.749399
99.200000,4.750875
99.300000,4.307984
99.400000,4.041362
99.500000,3.998596
99.600000,3.913733
99.700000,4.288733
99.800000,5.914073
99.900000,6.408147
100.000000,7.806129
100.100000,8.481255
100.200000,9.227061
100.300000,9.599087
100.400000,9.451327
100.500000,9.064156
100.600000,9.260924
100.700000,9.451677
100.800000,9.308256
100.900000,9.234965
101.000000,10.920824
101.100000,10.025793
101.200000,8.906253
101.300000,7.375222
101.400000,6.619238
101.500000,6.897432
101.600000,5.616727
101.700000,6.684447
101.800000,7.482600
101.900000,7.531630
102.000000,7.618894
102.100000,6.882215
102.200000,6.958306
102.300000,5.298141
102.400000,4.839188
102.500000,5.334814
102.600000,5.955897
102.700000,5.823754
102.800000,6.248847
102.900000,5.487488
103.000000,4.641975
103.100000,4.607589
103.200000,3.988621
103.300000,3.721618
103.400000,3.414904
103.500000,3.955102
103.600000,4.942706
103.700000,6.162918
103.800000,7.066056
103.900000,7.371933
104.000000,6.903937
104.100000,7.523968
104.200000,7.835165
104.300000,8.545421
104.400000,9.432980
104.500000,10.292015
104.600000,11.143097
104.700000,11.105541
104.800000,10.693751
104.900000,9.595677
105.000000,9.006380
105.100000,8.138320
105.200000,7.204372
105.300000,8.012701
105.400000,7.998253
105.500000,8.487047
105.600000,8.004857
105.700000,7.524193
105.800000,6.893026
105.900000,6.124308
106.000000,5.564956
106.100000,5.141747
106.200000,6.575498
106.300000,6.038105
106.400000,6.752372
106.500000,7.009880
106.600000,6.426484
106.700000,5.641609
106.800000,4.788493
106.900000,4.247433
107.000000,3.692238
107.100000,4.654324
107.200000,3.945159
107.300000,4.819008
107.400000,4.954643
107.500000,4.934790
107.600000,5.035512
107.700000,5.281227
107.800000,4.822110
107.900000,5.464319
108.000000,6.960276
108.100000,8.182940
108.200000,9.782620
108.300000,10.292389
108.400000,10.313781
108.500000,9.935945
108.600000,9.638557
108.700000,9.088353
108.800000,8.534142
108.900000,9.030439
109.000000,9.210511
109.100000,9.341415
109.200000,9.119235
109.300000,9.184557
109.400000,7.996332
109.500000,7.100137
109.600000,5.881962
109.700000,5.429583
109.800000,5.789332
109.900000,6.396251
110.000000,6.698305
110.100000,6.970429
110.200000,7.123126
110.300000,6.340495
110.400000,5.176275
110.500000,4.641708
110.600000,4.171959
110.700000,4.393987
110.800000,4.221936
110.900000,4.779896
111.000000,5.091032
111.100000,4.602079
111.200000,3.744357
111.300000,3.194963
111.400000,3.010086
111.500000,3.181215
111.600000,3.897059
111.700000,4.633992
111.800000,5.463792
111.900000,7.313516
112.000000,7.639634
112.100000,7.942454
112.200000,7.934190
112.300000,7.544924
112.400000,7.976735
112.500000,8.642326
112.600000,9.537967
112.700000,9.838538
112.800000,9.139884
112.900000,9.756261
113.000000,9.202415
113.100000,8.470421
113.200000,7.304583
113.300000,7.150815
113.400000,6.585096
113.500000,6.699711
113.600000,6.880126
113.700000,6.373535
113.800000,6.919592
113.900000,6.370171
114.000000,5.344649
114.100000,5.025977
114.200000,4.594309
114.300000,4.328353
114.400000,4.735410
114.500000,5.075924
114.600000,5.406231
114.700000,4.991499
114.800000,4.637566
114.900000,2.993836
115.000000,2.610708
115.100000,1.640003
115.200000,1.945061
115.300000,2.663747
115.400000,3.214791
115.500000,3.883584
115.600000,4.431029
115.700000,5.085934
115.800000,4.303198
115.900000,4.962468
116.000000,4.576348
116.100000,5.614199
116.200000,6.852165
116.300000,7.686493
116.400000,8.924206
116.500000,9.530994
116.600000,8.843899
116.700000,8.619247
116.800000,7.780282
116.900000,6.664799
117.000000,6.845376
117.100000,6.639889
117.200000,7.429245
117.300000,6.838309
117.400000,7.395262
117.500000,6.146198
117.600000,6.051788
117.700000,4.783901
117.800000,4.169028
117.900000,4.117237
118.000000,4.411855
118.100000,5.058642
118.200000,5.590848
118.300000,5.069582
118.400000,4.445736
118.500000,3.282567
118.600000,3.080316
118.700000,2.674491
118.800000,2.162861
118.900000,2.090105
119.000000,2.230695
119.100000,2.458725
119.200000,2.686515
119.300000,2.711675
119.400000,1.669092
119.500000,2.029527
119.600000,1.271731
119.700000,2.043145
119.800000,2.785503
119.900000,4.080621
120.000000,5.122938
120.100000,6.063317
120.200000,6.857675
120.300000,6.671387
120.400000,7.536969
120.500000,6.467616
120.600000,6.389984
120.700000,6.678180
120.800000,6.922791
120.900000,6.816121
121.000000,7.450357
121.100000,7.133407
121.200000,5.700148
121.300000,5.090728
121.400000,3.795987
121.500000,3.601718
121.600000,3.647644
121.700000,3.979153
121.800000,4.369588
121.900000,4.259817
122.000000,4.604486
122.100000,3.700921
122.200000,3.224950
122.300000,2.663721
122.400000,1.968702
122.500000,1.645676
122.600000,2.456303
122.700000,2.217437
122.800000,2.345934
122.900000,1.962291
123.000000,1.864092
123.100000,0.720004
123.200000,-0.607433
123.300000,-0.000693
123.400000,0.653008
123.500000,1.295440
123.600000,1.545480
123.700000,2.644640
123.800000,3.404088
123.900000,3.816524
124.000000,3.643417
124.100000,3.405392
124.200000,4.294414
124.300000,4.911133
124.400000,5.219355
124.500000,6.391336
124.600000,7.165395
124.700000,7.157126
124.800000,6.845054
124.900000,6.074546
125.000000,5.054711
125.100000,4.116564
125.200000,3.382610
125.300000,3.973005
125.400000,4.391082
125.500000,4.667770
125.600000,3.882355
125.700000,3.354258
125.800000,3.048968
125.900000,2.318714
126.000000,1.534310
126.100000,1.600759
126.200000,1.475887
126.300000,2.343231
126.400000,2.238118
126.500000,2.376664
126.600000,1.857218
126.700000,0.888114
126.800000,-0.542586
126.900000,-0.870077
127.000000,-0.811155
127.100000,-0.773421
127.200000,-0.429464
127.300000,0.296084
127.400000,0.663673
127.500000,0.724487
127.600000,0.056916
127.700000,0.178044
127.800000,0.241208
127.900000,0.699099
128.000000,1.557922
128.100000,3.233530
128.200000,4.156257
128.300000,5.832760
128.400000,5.398147
128.500000,5.130658
128.600000,4.598626
128.700000,4.828509
128.800000,3.767285
128.900000,4.067371
129.000000,4.101662
129.100000,4.425378
129.200000,4.271260
129.300000,4.023832
129.400000,2.362141
129.500000,1.795583
129.600000,1.515469
129.700000,0.533489
129.800000,0.755087
129.900000,0.975434
130.000000,0.919566
130.100000,1.883601
130.200000,2.060719
130.300000,0.969227
130.400000,-0.237835
130.500000,-0.319201
130.600000,-0.789907
130.700000,-0.556307
130.800000,-0.363884
130.900000,-0.469399
131.000000,-0.231078
131.100000,-1.192745
131.200000,-0.905555
131.300000,-1.834074
131.400000,-1.982606
131.500000,-1.936773
131.600000,-1.742779
131.700000,-0.680108
131.800000,0.273686
131.900000,0.933547
132.000000,2.168701
132.100000,2.515641
132.200000,2.156904
132.300000,2.701323
132.400000,2.725482
132.500000,3.316759
132.600000,3.605228
132.700000,3.891792
132.800000,4.902936
132.900000,4.598995
133.000000,3.644347
133.100000,2.530544
133.200000,1.576963
133.300000,0.926119
133.400000,0.563471
133.500000,0.245633
133.600000,1.381575
133.700000,0.884647
133.800000,1.106558
133.900000,0.635690
134.000000,0.114952
134.100000,-1.102812
134.200000,-0.640285
134.300000,-0.808937
134.400000,-0.471935
134.500000,0.058229
134.600000,-0.380478
134.700000,-1.300687
134.800000,-0.905585
134.900000,-1.516868
135.000000,-2.435609
135.100000,-3.494457
135.200000,-3.416042
135.300000,-2.883121
135.400000,-2.810212
135.500000,-1.758046
135.600000,-1.253356
135.700000,-0.380508
135.800000,-1.028499
135.900000,-0.297900
136.000000,-0.427973
136.100000,-0.207269
136.200000,2.013452
136.300000,2.199584
136.400000,3.601790
136.500000,4.382673
136.600000,3.604903
136.700000,2.841834
136.800000,2.779509
136.900000,1.846261
137.000000,1.119068
137.100000,1.146987
137.200000,1.509413
137.300000,1.995946
137.400000,1.412344
137.500000,1.123213
137.600000,0.594674
137.700000,-0.360378
137.800000,-0.890642
137.900000,-1.100890
138.000000,-1.678272
138.100000,-0.322926
138.200000,-0.148152
138.300000,-0.171456
138.400000,-0.802032
138.500000,-1.679402
138.600000,-2.412711
138.700000,-2.824645
138.800000,-3.556307
138.900000,-3.430708
139.000000,-3.078457
139.100000,-2.366101
139.200000,-2.521011
139.300000,-2.639854
139.400000,-2.581424
139.500000,-3.449694
139.600000,-3.261241
139.700000,-3.362669
139.800000,-2.047024
139.900000,-0.879527
140.000000,0.398062
140.100000,1.193659
140.200000,1.557680
140.300000,1.863031
140.400000,1.631297
140.500000,1.891733
140.600000,1.865394
140.700000,1.505814
140.800000,2.473298
140.900000,2.467644
141.000000,2.741306
141.100000,1.990543
141.200000,0.823014
141.300000,0.525980
141.400000,-0.554322
141.500000,-1.584860
141.600000,-1.837541
141.700000,-1.116862
141.800000,-0.885468
141.900000,-0.387623
142.000000,-0.202291
142.100000,-0.431796
142.200000,-1.673717
142.300000,-1.799594
142.400000,-2.234129
142.500000,-2.720663
142.600000,-2.826933
142.700000,-1.767861
142.800000,-1.757355
142.900000,-1.531123
143.000000,-2.466517
143.100000,-3.479506
143.200000,-3.885572
143.300000,-4.970618
143.400000,-4.320706
143.500000,-3.712407
143.600000,-2.122249
143.700000,-1.544637
143.800000,-1.976554
143.900000,-0.324711
144.000000,-0.897361
144.100000,-0.264971
144.200000,-0.280966
144.300000,0.621553
144.400000,1.657805
144.500000,2.435670
144.600000,2.701931
144.700000,3.508905
144.800000,2.765947
144.900000,1.818070
145.000000,1.119631
145.100000,0.034575
145.200000,0.426091
145.300000,-0.042250
145.400000,0.211608
145.500000,0.339853
145.600000,-0.191183
145.700000,-0.767204
145.800000,-1.069634
145.900000,-1.726771
146.000000,-1.853120
146.100000,-2.136043
146.200000,-2.249956
146.300000,-1.270520
146.400000,-0.830953
146.500000,-0.812553
146.600000,-1.507803
146.700000,-2.807973
146.800000,-2.998849
146.900000,-4.247798
147.000000,-4.112638
147.100000,-4.568135
147.200000,-3.390262
147.300000,-3.343415
147.400000,-2.460482
147.500000,-2.209526
147.600000,-2.525422
147.700000,-3.320409
147.800000,-3.049521
147.900000,-2.372286
148.000000,-0.833770
148.100000,0.361595
148.200000,1.495113
148.300000,2.343668
148.400000,2.700647
148.500000,2.527405
148.600000,2.393956
148.700000,1.453398
148.800000,1.350690
148.900000,0.834196
149.000000,1.246402
149.100000,1.601550
149.200000,1.308874
149.300000,1.179232
149.400000,0.554479
149.500000,-0.837350
149.600000,-1.587155
149.700000,-1.902480
149.800000,-1.550992
149.900000,-1.283568
150.000000,-0.491448
150.100000,-0.281998
150.200000,-0.438561
150.300000,-0.873608
150.400000,-1.849223
150.500000,-2.493025
150.600000,-2.384897
150.700000,-2.931293
150.800000,-2.420635
150.900000,-2.356923
151.000000,-2.434960
151.100000,-2.698106
151.200000,-3.355202
151.300000,-3.716979
151.400000,-4.281198
151.500000,-4.135326
151.600000,-3.004421
151.700000,-2.349779
151.800000,-0.756948
151.900000,0.037400
152.000000,0.910659
152.100000,0.769632
152.200000,1.049809
152.300000,1.841163
152.400000,1.546650
152.500000,2.124029
152.600000,2.588350
152.700000,3.400628
152.800000,3.083197
152.900000,2.962807
153.000000,2.648548
153.100000,1.785784
153.200000,0.460245
153.300000,-0.125488
153.400000,-0.388434
153.500000,-0.162986
153.600000,-0.128923
153.700000,0.028672
153.800000,0.347870
153.900000,-0.587029
154.000000,-1.009777
154.100000,-1.529035
154.200000,-1.989879
154.300000,-1.565232
154.400000,-1.427267
154.500000,-0.896215
154.600000,-0.953516
154.700000,-1.051607
154.800000,-1.280030
154.900000,-2.189390
155.000000,-3.270961
155.100000,-3.531080
155.200000,-3.598006
155.300000,-3.145990
155.400000,-1.973667
155.500000,-1.821457
155.600000,-1.039023
155.700000,-0.790637
155.800000,-0.923916
155.900000,-1.098376
156.000000,-0.163694
156.100000,0.476173
156.200000,1.505709
156.300000,2.681550
156.400000,3.646750
156.500000,3.867282
156.600000,4.158444
156.700000,3.016300
156.800000,2.846386
156.900000,1.805515
157.000000,1.850161
157.100000,2.195200
157.200000,2.098526
157.300000,2.153558
157.400000,2.283944
157.500000,1.518148
157.600000,0.689232
157.700000,-0.105805
157.800000,-0.074350
157.900000,-0.436603
158.000000,-0.176358
158.100000,-0.131268
158.200000,0.895019
158.300000,0.474320
158.400000,0.703817
158.500000,-0.460559
158.600000,-0.376585
158.700000,-2.166142
158.800000,-1.639935
158.900000,-1.708078
159.000000,-2.148613
159.100000,-1.320919
159.200000,-0.641945
159.300000,-0.858229
159.400000,-2.039962
159.500000,-2.032819
159.600000,-2.276991
159.700000,-1.797270
159.800000,-0.743393
159.900000,1.271257
160.000000,2.058959
160.100000,2.978458
160.200000,3.518128
160.300000,3.943332
160.400000,3.808466
160.500000,3.174244
160.600000,3.940105
160.700000,3.487101
160.800000,4.185881
160.900000,4.768935
161.000000,5.177228
161.100000,4.129721
161.200000,3.486850
161.300000,2.786214
161.400000,1.709117
161.500000,1.370749
161.600000,1.328621
161.700000,1.446028
161.800000,2.020217
161.900000,2.395534
162.000000,2.039286
162.100000,2.079751
162.200000,0.347074
162.300000,0.057114
162.400000,0.432178
162.500000,0.156525
162.600000,0.134889
162.700000,0.780360
162.800000,1.112211
162.900000,0.357126
163.000000,0.132219
163.100000,-0.918181
163.200000,-1.558343
163.300000,-1.774302
163.400000,-1.108013
163.500000,-0.994336
163.600000,0.251097
163.700000,1.525088
163.800000,1.650207
163.900000,1.898296
164.000000,2.687322
164.100000,2.677598
164.200000,3.027016
164.300000,3.832257
164.400000,4.449773
164.500000,6.558058
164.600000,6.032258
164.700000,6.330165
164.800000,5.624122
164.900000,5.134027
165.000000,4.833060
165.100000,3.699844
165.200000,3.569056
165.300000,3.306745
165.400000,4.238297
165.500000,3.908115
165.600000,3.361984
165.700000,3.500328
165.800000,2.468736
165.900000,2.093968
166.000000,1.558956
166.100000,1.611312
166.200000,1.950854
166.300000,2.162146
166.400000,2.361310
166.500000,3.099091
166.600000,2.299770
166.700000,1.620807
166.800000,0.518249
166.900000,-0.602662
167.000000,-0.607740
167.100000,0.409821
167.200000,0.259324
167.300000,0.918756
167.400000,0.942723
167.500000,1.297464
167.600000,1.232623
167.700000,1.210153
167.800000,1.483960
167.900000,1.997281
168.000000,3.118157
168.100000,4.601760
168.200000,5.917081
168.300000,6.605369
168.400000,7.470849
168.500000,6.838936
168.600000,6.404453
168.700000,5.766001
168.800000,6.113580
168.900000,5.622789
169.000000,5.719783
169.100000,6.101209
169.200000,6.456960
169.300000,5.398210
169.400000,5.280575
169.500000,3.958378
169.600000,2.796828
169.700000,2.896505
169.800000,3.679702
169.900000,3.377271
170.000000,3.763155
170.100000,4.576874
170.200000,4.665073
170.300000,4.036498
170.400000,2.896333
170.500000,2.392479
170.600000,2.075639
170.700000,2.343790
170.800000,2.911682
170.900000,2.539396
171.000000,3.054583
171.100000,2.315319
171.200000,2.063873
171.300000,1.012309
171.400000,0.699799
171.500000,1.161036
171.600000,1.421168
171.700000,3.032103
171.800000,3.826506
171.900000,5.086382
172.000000,5.746829
172.100000,5.986831
172.200000,6.192735
172.300000,6.535647
172.400000,7.404679
172.500000,6.654655
172.600000,7.808840
172.700000,8.303592
172.800000,8.382882
172.900000,8.540871
173.000000,7.504702
173.100000,6.775954
173.200000,6.225782
173.300000,4.605743
173.400000,5.086026
173.500000,5.329099
173.600000,5.255537
173.700000,5.936735
173.800000,5.808154
173.900000,5.168812
174.000000,4.995240
174.100000,3.633012
174.200000,3.883157
174.300000,3.665271
174.400000,3.769178
174.500000,4.461530
174.600000,4.638447
174.700000,4.816945
174.800000,3.524274
174.900000,3.055807
175.000000,2.150039
175.100000,2.255088
175.200000,1.438694
175.300000,2.556815
175.400000,2.458267
175.500000,3.843115
175.600000,4.238965
175.700000,4.644066
175.800000,4.386093
175.900000,4.119015
176.000000,4.620924
176.100000,6.248674
176.200000,7.013727
176.300000,7.875608
176.400000,9.371661
176.500000,9.374088
176.600000,9.311759
176.700000,8.656144
176.800000,8.670206
176.900000,8.305505
177.000000,7.128251
177.100000,7.527981
177.200000,7.928823
177.300000,8.389579
177.400000,6.865956
177.500000,7.094396
177.600000,6.455638
177.700000,5.015710
177.800000,5.038560
177.900000,4.863788
178.000000,5.332961
178.100000,5.483371
178.200000,6.262460
178.300000,6.103721
178.400000,6.159813
178.500000,5.334305
178.600000,4.331600
178.700000,3.315277
178.800000,3.882569
178.900000,3.772314
179.000000,4.028937
179.100000,3.925713
179.200000,4.185842
179.300000,4.660312
179.400000,4.030972
179.500000,3.209305
179.600000,3.421928
179.700000,3.876473
179.800000,4.703932
179.900000,5.740905
180.000000,7.690629
180.100000,8.508091
180.200000,8.834026
180.300000,8.535492
180.400000,8.678964
180.500000,8.690174
180.600000,8.990250
180.700000,8.919002
180.800000,9.807344
180.900000,9.869223
181.000000,9.621259
181.100000,8.563147
181.200000,8.202731
181.300000,7.088566
181.400000,6.602933
181.500000,6.244353
181.600000,6.531572
181.700000,6.446760
181.800000,6.550763
181.900000,7.878080
182.000000,7.177019
182.100000,6.541116
182.200000,5.867600
182.300000,4.914434
182.400000,5.159640
182.500000,5.093111
182.600000,5.739738
182.700000,5.914839
182.800000,5.945975
182.900000,5.783171
183.000000,4.678841
183.100000,3.828716
183.200000,3.285007
183.300000,2.677446
183.400000,3.300754
183.500000,4.007845
183.600000,5.306966
183.700000,6.046472
183.800000,6.147098
183.900000,7.064380
184.000000,7.602935
184.100000,6.766365
184.200000,7.461372
184.300000,8.390578
184.400000,8.917064
184.500000,10.070430
184.600000,10.872303
184.700000,10.569843
184.800000,10.620379
184.900000,9.839477
185.000000,8.428758
185.100000,8.112175
185.200000,8.100119
185.300000,7.759948
185.400000,8.161156
185.500000,8.362865
185.600000,7.951585
185.700000,7.824106
185.800000,6.929210
185.900000,5.822588
186.000000,5.855643
186.100000,5.946969
186.200000,6.279820
186.300000,6.342094
186.400000,7.024149
186.500000,7.265011
186.600000,6.428867
186.700000,5.881824
186.800000,5.010865
186.900000,3.928268
187.000000,3.879834
187.100000,3.781585
187.200000,4.663826
187.300000,4.825524
187.400000,5.007618
187.500000,5.208039
187.600000,5.052643
187.700000,5.091151
187.800000,5.315199
187.900000,5.476252
188.000000,6.703214
188.100000,8.291092
188.200000,9.510667
188.300000,10.188514
188.400000,11.221539
188.500000,10.564792
188.600000,9.753319
188.700000,9.569493
188.800000,9.562912
188.900000,9.363241
189.000000,8.972789
189.100000,9.681551
189.200000,9.512205
189.300000,9.574069
189.400000,7.500544
189.500000,7.555101
189.600000,6.297233
189.700000,6.303221
189.800000,6.081657
189.900000,6.678344
190.000000,7.451660
190.100000,7.369990
190.200000,7.476252
190.300000,6.559188
190.400000,5.688647
190.500000,5.051934
190.600000,4.573119
190.700000,4.665751
190.800000,5.350152
190.900000,4.859145
191.000000,4.768981
191.100000,4.979035
191.200000,4.922241
191.300000,4.099432
191.400000,3.782285
191.500000,3.831294
191.600000,3.854150
191.700000,5.147189
191.800000,5.501869
191.900000,7.151356
192.000000,8.187662
192.100000,7.815683
192.200000,7.693385
192.300000,7.942485
192.400000,8.621223
192.500000,9.405588
192.600000,10.501530
192.700000,10.754122
192.800000,10.132564
192.900000,9.650981
193.000000,9.667108
193.100000,8.932652
193.200000,7.145290
193.300000,6.793549
193.400000,6.576403
193.500000,6.866239
193.600000,7.110954
193.700000,7.517735
193.800000,7.564253
193.900000,6.800173
194.000000,6.322665
194.100000,6.049756
194.200000,4.770728
194.300000,4.768553
194.400000,5.546789
194.500000,6.338751
194.600000,6.021815
194.700000,6.087855
194.800000,5.029122
194.900000,4.497767
195.000000,3.167491
195.100000,3.014334
195.200000,2.881419
195.300000,3.306233
195.400000,4.306826
195.500000,4.928948
195.600000,4.928863
195.700000,5.585057
195.800000,4.835945
195.900000,5.709708
196.000000,6.578067
196.100000,6.642811
196.200000,7.690802
196.300000,8.702482
196.400000,9.859868
196.500000,9.930710
196.600000,10.163066
196.700000,9.326656
196.800000,8.537526
196.900000,8.061499
197.000000,7.666509
197.100000,7.147044
197.200000,8.444456
197.300000,7.942282
197.400000,7.181189
197.500000,7.439084
197.600000,6.276325
197.700000,5.502833
197.800000,5.069201
197.900000,4.435917
198.000000,4.091627
198.100000,5.445901
198.200000,5.986438
198.300000,6.321682
198.400000,5.445421
198.500000,4.860183
198.600000,4.176747
198.700000,3.216277
198.800000,2.843526
198.900000,3.005228
199.000000,2.914302
199.100000,4.007392
199.200000,3.380371
199.300000,3.495212
199.400000,2.992905
199.500000,2.495571
199.600000,2.770707
199.700000,3.298573
199.800000,4.320909
199.900000,5.277994
200.000000,6.218250
200.100000,7.587817
200.200000,7.416737
200.300000,7.938239
200.400000,7.886113
200.500000,7.695318
200.600000,7.177996
200.700000,7.333387
200.800000,8.685280
200.900000,8.344897
201.000000,7.981010
201.100000,7.619147
201.200000,7.108625
201.300000,6.398892
201.400000,5.116353
201.500000,4.933265
201.600000,4.570817
201.700000,4.940425
201.800000,5.502036
201.900000,5.328204
202.000000,5.401459
202.100000,4.693321
202.200000,3.905318
202.300000,3.627808
202.400000,2.794202
202.500000,3.037627
202.600000,3.019419
202.700000,3.512183
202.800000,3.443113
202.900000,3.611087
203.000000,2.626417
203.100000,1.784863
203.200000,1.555733
203.300000,-0.094574
203.400000,0.692602
203.500000,0.929669
203.600000,2.710896
203.700000,3.751046
203.800000,4.443639
203.900000,4.629056
204.000000,4.372349
204.100000,5.261537
204.200000,5.162291
204.300000,5.651939
204.400000,6.286597
204.500000,7.632820
204.600000,7.943239
204.700000,8.029595
204.800000,7.757076
204.900000,6.909111
205.000000,5.654390
205.100000,5.536071
205.200000,4.496240
205.300000,4.463260
205.400000,5.073548
205.500000,5.124132
205.600000,4.924524
205.700000,4.252990
205.800000,3.639488
205.900000,2.730115
206.000000,1.949737
206.100000,2.619966
206.200000,2.412929
206.300000,3.112045
206.400000,3.718086
206.500000,3.440270
206.600000,3.729610
206.700000,1.621587
206.800000,0.878972
206.900000,0.416543
207.000000,0.507759
207.100000,0.181795
207.200000,0.270262
207.300000,1.521067
207.400000,1.190569
207.500000,1.420130
207.600000,1.572396
207.700000,0.979051
207.800000,1.213496
207.900000,2.115725
208.000000,2.951769
208.100000,4.354043
208.200000,5.138262
208.300000,6.154032
208.400000,6.102080
208.500000,5.731425
208.600000,6.244075
208.700000,5.400273
208.800000,5.321630
208.900000,4.820738
209.000000,5.317962
209.100000,5.393685
209.200000,4.846804
209.300000,4.847599
209.400000,3.558368
209.500000,2.727341
209.600000,1.560059
209.700000,1.967248
209.800000,2.017262
209.900000,2.338601
210.000000,2.409757
210.100000,2.728895
210.200000,3.048192
210.300000,1.998133
210.400000,1.365719
210.500000,0.610470
210.600000,-0.184000
210.700000,0.563790
210.800000,-0.271538
210.900000,0.637163
211.000000,0.578601
211.100000,-0.184828
211.200000,-0.189129
211.300000,-0.785403
211.400000,-1.346888
211.500000,-1.560792
211.600000,-0.581163
211.700000,0.636786
211.800000,1.537294
211.900000,3.002589
212.000000,3.395088
212.100000,3.626504
212.200000,3.822865
212.300000,3.209427
212.400000,3.456519
212.500000,4.249133
212.600000,4.902505
212.700000,5.781251
212.800000,5.917287
212.900000,5.369149
213.000000,4.640469
213.100000,3.468637
213.200000,2.441770
213.300000,1.719555
213.400000,1.871865
213.500000,1.588821
213.600000,1.917572
213.700000,2.255122
213.800000,1.923432
213.900000,1.526402
214.000000,0.245618
214.100000,0.353729
214.200000,-0.237216
214.300000,-0.094792
214.400000,0.257359
214.500000,-0.032243
214.600000,1.423043
214.700000,0.528663
214.800000,-0.112760
214.900000,-1.608879
215.000000,-1.762293
215.100000,-2.376687
215.200000,-2.665097
215.300000,-2.065146
215.400000,-1.055822
215.500000,-0.833293
215.600000,-0.511085
215.700000,0.363441
215.800000,0.062933
215.900000,-0.009680
216.000000,1.066841
216.100000,1.147780
216.200000,2.095567
216.300000,3.365485
216.400000,4.085022
216.500000,4.718741
216.600000,4.588368
216.700000,3.786814
216.800000,3.156358
216.900000,2.680870
217.000000,2.357500
217.100000,2.395752
217.200000,2.605621
217.300000,2.519401
217.400000,2.385584
217.500000,1.538773
217.600000,0.741819
217.700000,0.284105
217.800000,-1.206985
217.900000,-0.658328
218.000000,0.447164
218.100000,-0.557490
218.200000,0.884175
218.300000,0.012462
218.400000,0.298107
218.500000,-0.057049
218.600000,-0.982525
218.700000,-2.447049
218.800000,-2.958040
218.900000,-2.988674
219.000000,-2.057376
219.100000,-2.069541
219.200000,-1.824102
219.300000,-1.918991
219.400000,-2.263659
219.500000,-2.607117
219.600000,-2.825222
219.700000,-2.955340
219.800000,-1.144019
219.900000,-1.180987
220.000000,1.267752
220.100000,1.697472
220.200000,2.345600
220.300000,2.327382
220.400000,2.185201
220.500000,2.092812
220.600000,2.019880
220.700000,2.041081
220.800000,3.037120
220.900000,2.928022
221.000000,3.490120
221.100000,2.565937
221.200000,1.522812
221.300000,0.815366
221.400000,0.032797
221.500000,-1.044758
221.600000,-0.912482
221.700000,-0.092596
221.800000,-0.401501
221.900000,-0.111376
222.000000,0.076772
222.100000,-0.828731
222.200000,-1.904778
222.300000,-2.318890
222.400000,-2.083908
222.500000,-2.013703
222.600000,-1.775976
222.700000,-1.540657
222.800000,-1.951330
222.900000,-1.682436
223.000000,-2.205588
223.100000,-3.586379
223.200000,-3.779416
223.300000,-4.443633
223.400000,-4.006335
223.500000,-3.211971
223.600000,-2.789869
223.700000,-0.980896
223.800000,-1.029158
223.900000,-0.487307
224.000000,-0.502038
224.100000,-0.096865
224.200000,0.248588
224.300000,0.803186
224.400000,2.132453
224.500000,2.695772
224.600000,3.094359
224.700000,2.443628
224.800000,2.773172
224.900000,1.939361
225.000000,0.842243
225.100000,0.125232
225.200000,0.218878
225.300000,0.376781
225.400000,0.835785
225.500000,0.736295
225.600000,0.020636
225.700000,-0.195316
225.800000,-1.408695
225.900000,-1.485761
226.000000,-2.029687
226.100000,-2.342263
226.200000,-1.850010
226.300000,-1.406301
226.400000,-1.180448
226.500000,-0.635080
226.600000,-0.601723
226.700000,-2.127221
226.800000,-2.970203
226.900000,-3.927989
227.000000,-4.345007
227.100000,-3.400451
227.200000,-3.699772
227.300000,-2.966953
227.400000,-2.806336
227.500000,-2.554405
227.600000,-2.891443
227.700000,-2.799891
227.800000,-3.161590
227.900000,-2.164206
228.000000,-0.651752
228.100000,-0.089929
228.200000,1.202041
228.300000,2.609232
228.400000,2.587732
228.500000,2.584808
228.600000,1.140446
228.700000,1.431060
228.800000,0.816635
228.900000,0.875753
229.000000,1.661894
229.100000,2.052479
229.200000,1.095769
229.300000,0.653316
229.400000,-0.067903
229.500000,-0.886715
229.600000,-1.990449
229.700000,-1.226747
229.800000,-1.577694
229.900000,-1.399775
230.000000,-0.954267
230.100000,0.140150
230.200000,-0.061887
230.300000,-1.450926
230.400000,-1.962592
230.500000,-2.373092
230.600000,-3.492293
230.700000,-3.324855
230.800000,-2.491576
230.900000,-2.827266
231.000000,-2.680169
231.100000,-3.226555
231.200000,-3.605536
231.300000,-3.788927
231.400000,-4.630261
231.500000,-4.691664
231.600000,-3.857081
231.700000,-2.080910
231.800000,-1.358191
231.900000,-0.531261
232.000000,0.370919
232.100000,0.751748
232.200000,0.700296
232.300000,0.156414
232.400000,1.032064
232.500000,1.394897
232.600000,2.401872
232.700000,2.357282
232.800000,3.363046
232.900000,2.676293
233.000000,1.605254
233.100000,1.534892
233.200000,0.014157
233.300000,-0.376852
233.400000,-0.756074
233.500000,-0.210829
233.600000,0.123864
233.700000,0.347512
233.800000,0.133696
233.900000,-1.014747
234.000000,-1.692142
234.100000,-1.744954
234.200000,-2.443137
234.300000,-1.983349
234.400000,-1.737148
234.500000,-1.799549
234.600000,-1.470272
234.700000,-1.684543
234.800000,-2.220985
234.900000,-2.886020
235.000000,-3.456659
235.100000,-3.772563
235.200000,-4.491338
235.300000,-3.913764
235.400000,-2.537338
235.500000,-1.992078
235.600000,-1.661567
235.700000,-2.200948
235.800000,-1.738026
235.900000,-1.286280
236.000000,-1.140793
236.100000,0.403149
236.200000,0.915499
236.300000,2.151940
236.400000,2.693443
236.500000,3.199717
236.600000,3.243775
236.700000,2.736936
236.800000,2.147306
236.900000,1.726199
237.000000,1.380909
237.100000,1.631983
237.200000,1.109130
237.300000,1.698552
237.400000,1.534555
237.500000,1.406936
237.600000,0.067050
237.700000,-0.572614
237.800000,-1.464030
237.900000,-1.201557
238.000000,-0.899144
238.100000,-0.668703
238.200000,-0.132857
238.300000,0.138479
238.400000,0.016888
238.500000,-1.198072
238.600000,-1.422788
238.700000,-2.495198
238.800000,-2.168941
238.900000,-2.248559
239.000000,-2.486457
239.100000,-2.191214
239.200000,-1.087144
239.300000,-1.769856
239.400000,-2.136782
239.500000,-2.776225
239.600000,-2.739857
239.700000,-2.025706
239.800000,-1.148508
239.900000,-0.320937
240.000000,1.602770
240.100000,2.342189
240.200000,2.528391
240.300000,3.239255
240.400000,2.737801
240.500000,2.873057
240.600000,2.513586
240.700000,3.099160
240.800000,2.950280
240.900000,3.916345
241.000000,3.368881
241.100000,3.444670
241.200000,1.790445
241.300000,1.529994
241.400000,0.891298
241.500000,0.325984
241.600000,0.522359
241.700000,0.181974
241.800000,1.441524
241.900000,1.738921
242.000000,0.812301
242.100000,0.484277
242.200000,-0.108737
242.300000,-0.555610
242.400000,-0.829907
242.500000,-1.607578
242.600000,-0.383993
242.700000,-0.305297
242.800000,-0.420303
242.900000,-0.088865
243.000000,-1.106859
243.100000,-1.444821
243.200000,-2.273232
243.300000,-2.763630
243.400000,-2.002540
243.500000,-1.333309
243.600000,-0.713183
243.700000,-0.085832
243.800000,0.923553
243.900000,1.629799
244.000000,1.512675
244.100000,2.276526
244.200000,2.213344
244.300000,2.909398
244.400000,3.922137
244.500000,4.473584
244.600000,5.344745
244.700000,5.312893
244.800000,4.390357
244.900000,3.768955
245.000000,3.644599
245.100000,2.604263
245.200000,2.396238
245.300000,2.045531
245.400000,2.555520
245.500000,3.133343
245.600000,2.801638
245.700000,2.146746
245.800000,2.075322
245.900000,0.925125
246.000000,0.441463
246.100000,0.907339
246.200000,0.412757
246.300000,1.626934
246.400000,1.500127
246.500000,1.592222
246.600000,1.156823
246.700000,0.596498
246.800000,-0.288679
246.900000,-0.883318
247.000000,-1.141732
247.100000,-0.565663
247.200000,0.024623
247.300000,0.265971
247.400000,0.629287
247.500000,0.359370
247.600000,0.028672
247.700000,0.471919
247.800000,0.533159
247.900000,1.462157
248.000000,1.754786
248.100000,4.431630
248.200000,4.451957
248.300000,5.674766
248.400000,6.263980
248.500000,5.375446
248.600000,5.205537
248.700000,4.369143
248.800000,4.390368
248.900000,4.361792
249.000000,5.254897
249.100000,5.501452
249.200000,5.194706
249.300000,5.143517
249.400000,4.332918
249.500000,2.984569
249.600000,2.207234
249.700000,1.905475
249.800000,2.031831
249.900000,3.055177
250.000000,3.253994
250.100000,3.349988
250.200000,3.232766
250.300000,2.926043
250.400000,1.905133
250.500000,1.463156
250.600000,1.000559
250.700000,1.435711
250.800000,1.653576
250.900000,1.181142
251.000000,1.655482
251.100000,1.674272
251.200000,0.793879
251.300000,0.581257
251.400000,0.076257
251.500000,0.263300
251.600000,0.720740
251.700000,1.909356
251.800000,3.203364
251.900000,3.674328
252.000000,4.552709
252.100000,4.838905
252.200000,5.723544
252.300000,5.367354
252.400000,5.651967
252.500000,6.131746
252.600000,6.633347
252.700000,7.204750
252.800000,7.989215
252.900000,7.420830
253.000000,7.326513
253.100000,5.942493
253.200000,4.968285
253.300000,4.235378
253.400000,4.081768
253.500000,4.300672
253.600000,5.100241
253.700000,5.585517
253.800000,4.458888
253.900000,4.457979
254.000000,3.955902
254.100000,2.866698
254.200000,2.616441
254.300000,2.717857
254.400000,2.484198
254.500000,3.838156
254.600000,3.860023
254.700000,3.677550
254.800000,3.135429
254.900000,2.330882
255.000000,2.129300
255.100000,0.986860
255.200000,1.178361
255.300000,1.239353
255.400000,2.252247
255.500000,2.810178
255.600000,3.403945
255.700000,3.432071
255.800000,3.528874
255.900000,4.023753
256.000000,4.495714
256.100000,5.184830
256.200000,5.943334
256.300000,7.430515
256.400000,7.543367
256.500000,9.091361
256.600000,8.736519
256.700000,8.320966
256.800000,7.891824
256.900000,6.818980
257.000000,6.940289
257.100000,6.548129
257.200000,7.043755
257.300000,6.881912
257.400000,6.931538
257.500000,6.748754
257.600000,5.331351
257.700000,4.546285
257.800000,4.093568
257.900000,4.176323
258.000000,5.229922
258.100000,4.776094
258.200000,4.820344
258.300000,5.391516
258.400000,4.809971
258.500000,4.432414
258.600000,3.769301
258.700000,2.776452
258.800000,2.513739
258.900000,2.213525
259.000000,3.161089
259.100000,3.247092
259.200000,3.970651
259.300000,3.834029
259.400000,2.910468
259.500000,2.723549
259.600000,2.800069
259.700000,3.443598
259.800000,3.648074
259.900000,5.395563
260.000000,7.273685
260.100000,7.709428
260.200000,8.370601
260.300000,8.424445
260.400000,7.918089
260.500000,8.405970
260.600000,8.245280
260.700000,8.519631
260.800000,9.139944
260.900000,9.516474
261.000000,8.733279
261.100000,9.010683
261.200000,7.850557
261.300000,7.060904
261.400000,5.916928
261.500000,5.373646
261.600000,5.896846
261.700000,5.950401
261.800000,6.322048
261.900000,6.600988
262.000000,6.629681
262.100000,6.143659
262.200000,4.769708
262.300000,4.599665
262.400000,4.446364
262.500000,4.760670
262.600000,5.234764
262.700000,4.872351
262.800000,5.843899
262.900000,5.017134
263.000000,4.501306
263.100000,3.398475
263.200000,2.722143
263.300000,3.094382
263.400000,2.896231
263.500000,3.701220
263.600000,5.087001
263.700000,6.208346
263.800000,5.915451
263.900000,6.652241
264.000000,6.835577
264.100000,7.530332
264.200000,8.105691
264.300000,8.052721
264.400000,9.116869
264.500000,10.192518
264.600000,10.906043
264.700000,10.581450
264.800000,10.508892
264.900000,9.232846
265.000000,7.738480
265.100000,7.430139
265.200000,7.589192
265.300000,7.803985
265.400000,7.114436
265.500000,7.397552
265.600000,7.790995
265.700000,6.299260
265.800000,6.775156
265.900000,6.231914
266.000000,4.611348
266.100000,5.734801
266.200000,5.804671
266.300000,6.793586
266.400000,6.810463
266.500000,6.628594
266.600000,6.250640
266.700000,5.671473
266.800000,4.548027
266.900000,3.829161
267.000000,3.133078
267.100000,3.907041
267.200000,4.253315
267.300000,5.314322
267.400000,5.084738
267.500000,5.113313
267.600000,4.817379
267.700000,5.133034
267.800000,5.060785
267.900000,5.567886
268.000000,7.342304
268.100000,8.688122
268.200000,9.206869
268.300000,9.838964
268.400000,10.762534
268.500000,9.976891
268.600000,10.632197
268.700000,9.323757
268.800000,9.472312
268.900000,8.891426
269.000000,9.521528
269.100000,10.024422
269.200000,9.679578
269.300000,8.829945
269.400000,8.855374
269.500000,7.385798
269.600000,6.354478
269.700000,5.928319
269.800000,6.181794
269.900000,7.133802
270.000000,6.988006
270.100000,7.470097
270.200000,7.035708
270.300000,7.091620
270.400000,5.900032
270.500000,5.522268
270.600000,5.047115
270.700000,4.686309
270.800000,5.319404
270.900000,5.667519
271.000000,5.102752
271.100000,5.385266
271.200000,5.685840
271.300000,3.899064
271.400000,3.788736
271.500000,3.271151
271.600000,4.436625
271.700000,5.166160
271.800000,6.770997
271.900000,7.565299
272.000000,7.903739
272.100000,8.875817
272.200000,8.514342
272.300000,8.300617
272.400000,8.857654
272.500000,9.052267
272.600000,10.140751
272.700000,10.608250
272.800000,10.784669
272.900000,10.864854
273.000000,9.558655
273.100000,9.238255
273.200000,7.360466
273.300000,7.779312
273.400000,7.115744
273.500000,7.132016
273.600000,7.304490
273.700000,7.897286
273.800000,7.573871
273.900000,7.106480
274.000000,6.798305
274.100000,5.715029
274.200000,5.407054
274.300000,5.620773
274.400000,6.133265
274.500000,6.158271
274.600000,6.447219
274.700000,6.207497
274.800000,5.786706
274.900000,5.121093
275.000000,3.524982
275.100000,3.230501
275.200000,3.213767
275.300000,3.838192
275.400000,4.826406
275.500000,5.087074
275.600000,5.662678
275.700000,6.158351
275.800000,5.469742
275.900000,5.686797
276.000000,6.129587
276.100000,7.000319
276.200000,8.132819
276.300000,9.056225
276.400000,10.678115
276.500000,10.392885
276.600000,10.447068
276.700000,10.290349
276.800000,9.457287
276.900000,8.583293
277.000000,8.367613
277.100000,8.490881
277.200000,8.397747
277.300000,8.683124
277.400000,8.002567
277.500000,7.734291
277.600000,6.388293
277.700000,5.778305
277.800000,5.123550
277.900000,5.703968
278.000000,5.458785
278.100000,6.197056
278.200000,6.268586
278.300000,6.600721
278.400000,6.234535
278.500000,5.332227
278.600000,4.975900
278.700000,3.468317
278.800000,3.777506
278.900000,4.411987
279.000000,3.642024
279.100000,4.225361
279.200000,3.871126
279.300000,4.169726
279.400000,3.261118
279.500000,3.601993
279.600000,3.167350
279.700000,3.144112
279.800000,4.205643
279.900000,5.339932
280.000000,6.990617
280.100000,8.318476
280.200000,8.462247
280.300000,8.301893
280.400000,8.216221
280.500000,8.307987
280.600000,7.530674
280.700000,8.716314
280.800000,9.069460
280.900000,8.511507
281.000000,9.604026
281.100000,8.262876
281.200000,7.814705
281.300000,7.185444
281.400000,5.401166
281.500000,4.796799
281.600000,4.953529
281.700000,5.264734
281.800000,5.965961
281.900000,6.086128
282.000000,5.970756
282.100000,5.476588
282.200000,4.859417
282.300000,3.992263
282.400000,3.968407
282.500000,3.844668
282.600000,3.781500
282.700000,4.938201
282.800000,4.057238
282.900000,4.357909
283.000000,3.228690
283.100000,2.731363
283.200000,2.085188
283.300000,1.906685
283.400000,2.337200
283.500000,2.373701
283.600000,4.473479
283.700000,4.633533
283.800000,4.896293
283.900000,5.032066
284.000000,6.256508
284.100000,6.148321
284.200000,5.978720
284.300000,6.881144
284.400000,7.948124
284.500000,8.462934
284.600000,8.890744
284.700000,9.087620
284.800000,8.889715
284.900000,7.791481
285.000000,6.468180
285.100000,6.339293
285.200000,5.218545
285.300000,5.522337
285.400000,6.318108
285.500000,6.118946
285.600000,5.938112
285.700000,5.374800
285.800000,4.911638
285.900000,3.854347
286.000000,2.819488
286.100000,3.450204
286.200000,2.754534
286.300000,3.531740
286.400000,4.966594
286.500000,4.736105
286.600000,3.750771
286.700000,3.006529
286.800000,2.119736
286.900000,1.689336
287.000000,0.857427
287.100000,0.981578
287.200000,1.504170
287.300000,2.219258
287.400000,2.548413
287.500000,2.360657
287.600000,2.544602
287.700000,1.871137
287.800000,2.331990
287.900000,2.764847
288.000000,3.713255
288.100000,5.654908
288.200000,6.335890
288.300000,6.893814
288.400000,7.455888
288.500000,6.906341
288.600000,6.916361
288.700000,6.541773
288.800000,6.379295
288.900000,5.805149
289.000000,6.301203
289.100000,7.041390
289.200000,6.228244
289.300000,6.093271
289.400000,5.265244
289.500000,3.387188
289.600000,3.409765
289.700000,2.923711
289.800000,3.082083
289.900000,3.763124
290.000000,3.847651
290.100000,3.938711
290.200000,3.893090
290.300000,2.999324
290.400000,2.461439
290.500000,0.974487
290.600000,1.705151
290.700000,0.966341
290.800000,1.511629
290.900000,1.687444
291.000000,1.658026
291.100000,1.355286
291.200000,0.750909
291.300000,-0.425098
291.400000,-0.511752
291.500000,0.071087
291.600000,-0.013308
291.700000,0.994128
291.800000,3.133906
291.900000,3.868810
292.000000,4.628480
292.100000,4.402470
292.200000,4.497573
292.300000,4.649304
292.400000,4.791650
292.500000,5.072414
292.600000,5.301394
292.700000,6.105008
292.800000,6.110948
292.900000,6.795565
293.000000,5.446524
293.100000,4.487767
293.200000,3.627472
293.300000,2.846887
293.400000,2.746294
293.500000,2.520540
293.600000,2.536202
293.700000,3.719325
293.800000,2.832149
293.900000,2.419413
294.000000,1.623796
294.100000,1.037353
294.200000,0.820619
294.300000,1.032874
294.400000,0.778065
294.500000,1.562125
294.600000,1.441545
294.700000,1.787696
294.800000,0.391961
294.900000,-0.114296
295.000000,-0.808595
295.100000,-1.998412
295.200000,-1.612944
295.300000,-1.190151
295.400000,-0.785151
295.500000,0.094033
295.600000,0.949081
295.700000,0.920660
295.800000,0.733831
295.900000,0.852002
296.000000,1.380030
296.100000,2.349017
296.200000,3.248538
296.300000,4.363068
296.400000,5.532437
296.500000,5.033218
296.600000,4.951609
296.700000,4.134247
296.800000,4.324125
296.900000,2.726967
297.000000,3.059163
297.100000,3.275736
297.200000,2.769295
297.300000,3.063046
297.400000,2.965657
297.500000,2.684899
297.600000,1.166531
297.700000,0.872656
297.800000,0.396399
297.900000,0.069980
298.000000,0.339182
298.100000,1.164780
298.200000,1.286865
298.300000,1.315348
298.400000,0.868031
298.500000,0.429413
298.600000,-0.741846
298.700000,-1.206670
298.800000,-1.770004
298.900000,-1.452242
299.000000,-1.750249
299.100000,-1.172524
299.200000,-0.967207
299.300000,-1.122541
299.400000,-1.300232
299.500000,-1.907953
299.600000,-1.852951
299.700000,-1.150478
299.800000,-0.599136
299.900000,0.047015
